jugador,spieler_id
Aarón Escandell,284430
Aarón Martin,1270449
Aarón Ochoa,1109577
Abdallahi Mahmoud,615636
Abde Rebbach,718034
Abdel Abqar,559979
Abdel Al Badaoui,357174
Abel Bretones,658115
Abou Kanté,315095
Aboubacar Bassinga,1210422
Abraham del Moral,635344
Adalberto Carrasquilla,375300
Adalberto Peñaranda,308801
Adam Arvelo,792376
Adam Boayar,1064506
Adam Jakobsen,503602
Aday Benítez,132921
Adnan Januzaj,177847
Adolfo Gaich,608469
Adri Castellano,253826
Adri Herrera,595555
Adri Suárez,941156
Adrià Altimira,466807
Adrià Pedrosa,501418
Adrián Arnu,1176519
Adrián Butzke,596884
Adrián Dalmau,288228
Adrián Dela,341263
Adrián Diéguez,355335
Adrián Embarba,288318
Adrián Fuentes,597083
Adrián González,44073
Adrián Guerrero,282724
Adrián Lapeña,289267
Adrián Liso,1061122
Adrián López,45383
Adrián Marín,295414
Adrián Niño,926849
Adrián Pica,895458
Adrián Pérez,497229
Adrián Rodríguez,608382
Adrián Ruiz,1157607
Adu Ares,895480
Ager Aketxe,158057
Agus Alonso,473359
Agus Medina,336051
Agustín Pastoriza,336103
Agustín Sienra,814966
Agustín Álvarez,812625
Aiham Ousou,585068
Aingeru Olabarrieta,1056971
Aitor Aranzabe,585854
Aitor Arregi,197538
Aitor Buñuel,374081
Aitor Córdoba,350197
Aitor Fernández,118997
Aitor García,214468
Aitor Gelardo,652329
Aitor González,716157
Aitor Pascual,401644
Aitor Uzkudun,634109
Akim Zedadka,327863
Alan Godoy,668277
Albert Lottin,540659
Albert Luque,719992
Alberto Dadie,711377
Alberto Jiménez,265289
Alberto Marí,634105
Alberto Moleiro,733576
Alberto Perea,99559
Alberto Quiles,351541
Alberto Reina,603696
Alberto Rodríguez,711550
Alberto Solís,284888
Alberto Soro,487688
Alberto Sánchez,551184
Alberto Toril,446519
Alberto Vaquero,971094
Alberto Varo,280254
Alberto Zapater,26153
Alberto de la Bella,73319
Alberto del Moral,635347
Aldair,588072
Aldair Fuentes,480523
Ale Díez,217143
Ale García,898737
Ale Gomes,1371198
Ale Meléndez,531413
Aleix Febas,217144
Aleix García,261504
Aleix Garrido,709966
Aleix Vidal,88490
Alejandro Arribas,137174
Alejandro Fernández,631378
Alejandro Francés,632896
Alejandro Gutiérrez,912611
Alejandro Gálvez,128488
Alejandro Ibarrondo,625066
Alejandro Marqués,525602
Alejandro Viedma,331503
Aleksa Puric,699233
Aleksandar Pantic,167093
Aleksandar Radovanovic,339501
Aleksandar Sedlar,237499
Alemão,560417
Alex Escardó,464899
Alex Rey,521421
Alexander González,147562
Alexandru Pașcanu,421258
Alfon González,357628
Alfonso Herrero,129478
Alfonso Martín,268675
Alfonso Pastor,537367
Alfred Caicedo,885179
Alfred N'Diaye,77737
Alfredo Ortuño,96540
Alfredo Pedraza,618806
Ali Houary,1064538
Allan Nyom,111508
Alonso Aceves,833268
Alpha Diounkou,554175
Amadou Coundoul,938669
Amadou Diawara,355501
Amath Ndiaye,339820
Amir Abedzadeh,218431
Ander Astralaga,709955
Ander Cantero,199325
Ander Capa,197545
Ander Madariaga,710657
Ander Martín,625658
Ander Yoldi,635581
Anderson Arroyo,426326
Anderson Cordeiro,686150
Andoni López,340206
Andoni Zubiaurre,428948
Andrei Rațiu,527966
Andreu Arasa,388514
Andrija Vukcevic,294987
André Ferreira,290346
André Horta,329722
Andrés Borge,632931
Andrés Campos,709377
Andrés Caro,858062
Andrés Cuenca,962111
Andrés Fernández,57522
Andrés Ferrari,973805
Andrés García,1063329
Andrés Martín,531277
Andrés Prieto,238032
Andy Escudero,396339
Andy Kawaya,203342
Andy Pelmard,494236
Andy Rodríguez,252686
Antal Yaakobishvili,923915
Anthony Landázuri,410696
Antonino La Gumina,287876
Antonio Blanco,495621
Antonio Caballero,364890
Antonio Candela,392881
Antonio Casas,537767
Antonio David,895332
Antonio Espigares,886047
Antonio Glauder,380365
Antonio Jesús,466803
Antonio Luna,126516
Antonio Moyano,507540
Antonio Pacheco,568156
Antonio Perera,483742
Antonio Puertas,262365
Antonio Valera,290275
Antoñito,62144
Antoñito Cordero,1178393
Antoñín,610336
Antxón Jaso,590891
Antón Escobar,645318
Anuar,327126
Aridai Cabrera,76032
Aridane Hernández,82503
Aritz Aldasoro,663258
Aritz Arambarri,434602
Armando Sadiku,140082
Armando Shashoua,514373
Armin Hodzic,570548
Arnau Comas,388542
Arnau Ortiz,802046
Arnau Prat,1123314
Arnau Puigmal,536030
Arnau Rafús,636686
Arnau Solà,636697
Arturo Molina,337781
Arvin Appiah,433257
Asier Benito,466847
Asier Córdoba,505512
Asier Riesgo,23338
Asier Villalibre,251897
Assane Ndiaye,963316
Augusto Batalla,275218
Aurélien Scheidler,497175
Awer Mabil,255729
Axel Bamba,545487
Axel Werner,236734
Ayman Arguigue,1137080
Aythami Artiles,44735
Baba Diocou,941567
Bakary N'Diaye,458401
Bambo Diaby,435493
Baïla Diallo,857482
Bebé,153427
Benito Ramírez,282672
Benjamin Pauwels,1104143
Bernabé Barragán,254036
Bernardo Vital,690273
Berto,531376
Berto Cayarga,510372
Berto Rosas,569757
Beñat Garro,610663
Beñat Gerenabarrena,709214
Beñat Leiza,783430
Beñat Prados,625047
Beñat Turrientes,634431
Bil Nsongo,1299392
Bilal Achhiba,1329432
Bless Aniekan,1125028
Bogdan Milovanov,392655
Bojan Kovacevic,845563
Bojan Letic,166985
Bolaño,48294
Borja Bastón,85324
Borja Domínguez,287193
Borja Garcés,566036
Borja García,67808
Borja González,356546
Borja Granero,129768
Borja Lasso,268949
Borja López,214770
Borja Sainz,634461
Borja Sánchez,217155
Borja Valle,176067
Borna Barisic,39125
Brahim Konaté,391257
Braian Cufré,401521
Brais Martínez,638138
Brandon Thomas,251680
Brian Cipenga,700565
Brian Oliván,166677
Brian Rodríguez,465818
Brian Schwake,747967
Bruno González,188838
Bruno Iribarne,747197
Bruno Langa,631472
Bruno Méndez,552912
Bruno Pirri,190705
Bruno Wilson,71830
Bryan Gil,537382
Bryan Zaragoza,713644
Capi,1101300
Carles Salvador,217730
Carlo García,627287
Carlos Bacca,119235
Carlos Calderón,324475
Carlos Carmona,71394
Carlos Clerc,193784
Carlos David,65342
Carlos Doncel,379530
Carlos Dotor,623524
Carlos Embalo,275682
Carlos Espí,1063338
Carlos Fernández,216464
Carlos García,628494
Carlos Guirao,1054429
Carlos Gutiérrez,274753
Carlos Hernández,225459
Carlos Isaac,396324
Carlos Izquierdoz,116968
Carlos Julio Martínez,166658
Carlos Martín,618813
Carlos Martínez,95022
Carlos Neva,448844
Carlos Nieto,340682
Carlos Pita,34566
Carlos Pomares,238872
Carlos Protesoni,431190
Carlos Pérez,625524
Carlos Romero,709372
Carlos Ruiz,72421
Carlos Vicente,540536
Carlos Vigaray,263627
Carlos Álvarez,668179
Caye Quintana,238471
Cedric Omoigui,336729
Cedric Teguia,536831
Cenk Özkacar,615350
Charlie Patiño,581674
Charly Musonda Jr.,177862
Cheick Doukouré,129679
Cheick Timite,424709
Chema Rodríguez,248330
Chico Geraldes,257456
Chiki,511030
Choco Lozano,131275
Chris Ramos,538810
Christian Joel,531373
Christian Kofane,1364454
Christian Rivera,374077
Christos Almpanis,184885
Chuca,399779
Chupe,780817
Clau Mendes,699501
Claudio Medina,510385
Clément Grenier,72479
Clément Michelin,318520
Coke,71905
Conan Ledesma,284342
Cosimo da Graça,564795
Cote,87469
Cris Montes,421118
Cristian Cedrés,261493
Cristian Delgado,568153
Cristian Gutiérrez,566575
Cristian Herrera,237617
Cristian López,114282
Cristian Rivero,398131
Cristian Rodríguez,442802
Cristian Salvador,224774
Cristian Álvarez,55135
Cristo,339707
Cristo Romero,696890
Curro Sánchez,208116
Cyle Larin,343463
César Gelabert,505308
César Montes,387687
César Morgado,351539
César Tárrega,707274
César Yanis,741098
César de la Hoz,226261
Daijiro Chirino,611816
Dalisson de Almeida,644900
Damian Kądzior,199299
Damián Cáceres,845638
Damián Musto,67823
Damián Rodríguez,715628
Dani Aquino,59335
Dani Barrio,89471
Dani Bernabéu,1254421
Dani Calvo,326416
Dani Castellano,64363
Dani Cárdenas,397676
Dani Escriche,531829
Dani Fernández,403187
Dani González,706184
Dani Gómez,422460
Dani Hernández,88528
Dani Jiménez,126509
Dani Lorenzo,960562
Dani Martín,1099061
Dani Martín,335221
Dani Morer,282726
Dani Ojeda,111621
Dani Queipo,719726
Dani Raba,413262
Dani Rebollo,566666
Dani Requena,945709
Dani Rodríguez,139435
Dani Romera,271451
Dani Selma,831491
Dani Tasende,627282
Dani Villahermosa,628496
Dani Vivian,524000
Daniel Bachmann,120186
Daniel Carriço,37712
Daniel Fuzato,438682
Daniel Lasure,336736
Daniel Luna,857830
Daniel Paraschiv,605543
Dario Dumic,78818
Darko Brasanac,95641
Darwin Machís,211251
Darío Poveda,399780
Darío Sarmiento,668552
David Affengruber,452483
David Andújar,531267
David Batanero,379365
David Costas,276111
David Ferreiro,71918
David Flakus Bosilj,506941
David Forniés,221984
David García,971693
David Goldar,278357
David González,634267
David Juncà,164055
David Larrubia,635939
David Lombán,63723
David López,947431
David Martín,240851
David Mayoral,355629
David Morillas,133675
David Rodríguez,820375
David Simón,228584
David Timor,158795
David Torres,857832
David Vicente,554334
David del Pozo,372050
Davo,522190
Dawda Camara,891923
Denis Genreau,470618
Denis Suárez,165007
Denis Vavro,239962
Derick Poloni,429564
Derik Lacerda,700933
Diadié Samassékou,315604
Diego Alende,373683
Diego Altube,549069
Diego Aznar,1124142
Diego Barri,541646
Diego Bri,720532
Diego Collado,566965
Diego Conde,341713
Diego García,852727
Diego González,513441
Diego González,349836
Diego Gómez,941104
Diego Hormigo,767229
Diego Mariño,59349
Diego Mirapeix,601166
Diego Moreno,634122
Diego Méndez,932349
Diego Pampín,505493
Diego Percan,828338
Diego Rivas,224091
Diego Sia,999402
Diego Sánchez,825184
Diegui,349886
Dimitrios Siovas,52403
Dimitrios Stamatakis,890817
Diogo Queirós,357148
Diogo Verdasca,225162
Dioni,164402
Diosbert Rivero,588362
Diyaeddine Abzi,594497
Domingos Duarte,257376
Dragan Rosic,374055
Dragisa Gudelj,265391
Dyego Sousa,157036
Dário Essugo,670717
Eddie Salcedo,459661
Eder García,979324
Edgar Badia,102146
Edgar González,401624
Edgar Méndez,133794
Edu Campabadal,126722
Edu Espiau,565523
Edu Expósito,506248
Eduardo Mingotes,598916
Edward Bolaños,608534
Edward Cedeño,937710
Efe Aghama,1180386
Efe Akman,1016253
Ekain Zenitagoia,512070
Ekaitz Jiménez,504505
Ekaitz Molina,380602
Elady Zorrilla,240849
Elbasan Rashani,149579
Elliot Gómez,523995
Emanuel Insúa,226006
Emerson Espinoza,621169
Emiliano Gómez,577489
Emilio Bernad,480966
Emmanuel Apeh,463332
Emmanuel Attipoe,579304
Eneko Jauregi,376589
Eneko Satrústegui,158792
Eneko Undabarrena,349889
Enis Bardhi,245014
Enol Coto,636303
Enol Rodríguez,699607
Enric Franquesa,282700
Enric Gallego,114060
Enrique Clemente,487951
Enzo Boyomo,541555
Enzo Lombardo,443290
Enzo Roco,186862
Eray Cömert,298583
Eric Cañete,636689
Eric Curbelo,390823
Eric Puerto,786130
Eric Pérez,634108
Eric Ramírez,428746
Erick Cabaco,302991
Erick Ferigra,331501
Erik Jirka,339693
Erik Morán,67542
Ernesto Gómez,288460
Estanis Pedrola,913539
Esteban Andrada,105888
Esteban Burgos,337922
Esteban Saveljich,240360
Esteve Peña,398130
Etienne Eto'o,707359
Eudald Vergés,523166
Eugeni,223073
Ewan Urain,626962
Ezequiel Ponce,296783
Fabio Blanco,648909
Fabio González,531062
Fabián Orellana,60890
Fabri,642589
Fabrizio Brignani,355791
Facundo García,571079
Facundo González,825199
Facundo Pellistri,676318
Faitout Maouassa,357072
Fali,252667
Famara Diédhiou,237125
Fausto Grillo,323422
Fausto Tienza,174859
Fede San Emeterio,307519
Fede Vico,162079
Federico Bikoro,398557
Federico Bonini,530552
Federico Viñas,578419
Fer Niño,627294
Fermín García,1171102
Fernando Llorente,35564
Fernando Medrano,461619
Fernando Mimbacas,1073078
Fernando Pacheco,172015
Fernando Pumar,127919
Fernando Seoane,70988
Fidel,149231
Fidel Escobar,345716
Filip Jørgensen,585323
Filip Malbasic,162652
Florian Grillitsch,195736
Florian Lejeune,127108
Florian Miguel,347594
Florin Andone,177065
Fran Callejón,524742
Fran Carnicer,197118
Fran Delgado,711638
Fran García,152284
Fran Gámez,442816
Fran Sol,164292
Fran Vieites,551182
Fran Villalba,311680
Fran Álvarez,531273
Franchu,458466
Francisco Mwepu,632872
Francisco Portillo,138803
Franck Fomeyem,632080
Franco Soldano,358212
Frederico Venâncio,169681
Fábio Silva,505653
Félix Garreta,961945
Félix Ofoli,821031
Gabri Martínez,906948
Gabriel Barès,484743
Gabriel Brazão,371247
Gabriel Fernández,259930
Gabriel Fuentes,480686
Gabriele Corbo,423614
Gael Alonso,715622
Gaizka Larrazabal,439465
Gaku Shibasaki,129693
Galder Cerrajería,128452
Gaspar Campos,580525
Gaspar Panadero,251883
Gastón Brugman,131109
Gastón Silva,189452
Gastón Valles,1033478
Gaëtan Poussin,344591
Genaro Rodríguez,396109
Gerard Gumbau,268670
Gerard Hernández,741254
Gerard Valentín,278651
Germán Sánchez,95963
Germán Valera,548188
Gervane Kastaneer,240752
Ghislain Konan,422850
Giacomo Quagliata,458777
Gianfranco Gazzaniga,270314
Gianni Cassaro,335247
Giorgi Aburjania,186848
Giorgi Guliashvili,502682
Giorgi Kochorashvili,405564
Giorgi Makaridze,55977
Giorgi Tsitaishvili,419067
Giovanni Zarfino,208022
Giuliano Simeone,742201
Gonzalo Crettaz,631049
Gonzalo Escalante,266795
Gonzalo Escobar,440377
Gonzalo Melero,162056
Gonzalo Petit,997814
Gonzalo Plata,592735
Gonzalo Verdú,184779
Gonzalo Villar,398163
Gori Gracia,705815
Gorka Carrera,1063598
Gorka Gorosabel,1186745
Gorka Guruzeta,340205
Gorka Iturraspe,255500
Goyo Medina,497566
Grego Sierra,253905
Gui Guedes,696506
Guilherme Fernandes,567504
Guilherme Schettine,371245
Guille Bueno,854079
Guillem Naranjo,904145
Guillermo Fernández,142023
Guillermo Vallejo,341570
Guillermo de Amores,189425
Gustavo Albarracín,1074967
Gustavo Blanco Leschuk,181006
Gustavo Henrique,208681
Gustavo Puerta,936981
Guzmán Ortega,1157610
Haissem Hassan,620164
Haris Medunjanin,30666
Haris Vuckic,76560
Haritz Albisua,222013
Hector Hevel,277962
Helibelton Palacios,211389
Helton Leite,175383
Henrique Silva,204072
Heri Tavares,445517
Hernán Santana,176133
Hernâni,172142
Hicham Boussefiane,465321
Hicham Nouali,842568
Higinio Marín,242882
Hodei Arrillaga,1112214
Homam Al-Amin,556713
Houboulang Mendes,442552
Hugo Anglada,895899
Hugo González,707279
Hugo Lozano,1000624
Hugo Novoa,668276
Hugo Pinilla,1262309
Hugo Pérez,718027
Hugo Rama,510329
Hugo Rincón,834487
Hugo Vallejo,628301
Héber Pena,275020
Héctor Martínez,655455
Iago Indias,356196
Iago López,572299
Ian Forns,946275
Ian Mackay,88917
Iano Simão,627631
Ibai Aguirre,1354775
Ibra Cámara,668273
Ibrahim Alani,1367276
Ibrahima Koné,490223
Ibrahima Kébé,785967
Iddrisu Baba,442805
Idrissa Doumbia,430579
Ignacio Jeraldino,203150
Ignacio Laquintana,577407
Ignacio Otaño,289277
Ignacio Schor,840760
Ignasi Miquel,70245
Ignasi Vilarrasa,581701
Igor Nikic,938509
Iker Alday,710653
Iker Amorrortu,510995
Iker Benito,710679
Iker Bilbao,386667
Iker Bravo,741292
Iker Córdoba,834463
Iker Goujón,607841
Iker Kortajarena,625653
Iker Losada,632741
Iker Recio,628461
Iker Ropero,1136037
Iker Undabarrena,181113
Iker Unzueta,605466
Iker Varela,834492
Iker Álvarez,547248
Ilyas Chaira,593412
Imanol Ezkurdia,649791
Imanol Galarreta,711385
Imanol García de Albéniz,626954
Iomar Vidal,1161276
Iriome González,51519
Isaac Obeng,946282
Isak Jansson,535820
Isidro Pitta,675178
Isma López,54231
Isma Ruiz,631221
Ismael Athuman,351204
Ismael Barea,1228383
Ismael Casas,465316
Ismael Gutiérrez,630990
Iuri Tabatadze,539965
Ivan Durdov,584809
Ivanildo Fernandes,340524
Iván Alejo,281755
Iván Ayllón,983135
Iván Azón,633306
Iván Balliu,85295
Iván Barbero,514514
Iván Calero,212849
Iván Chapela,412046
Iván Cuéllar,27493
Iván Cédric,716163
Iván Forte,96537
Iván Fresneda,946883
Iván Garriel,940616
Iván Gil,611075
Iván Martos,406773
Iván Martín,341278
Iván Morante,548109
Iván Pomba,1134981
Iván Rodríguez,284454
Iván Rodríguez,943868
Iván Romero,628886
Iván Sánchez,221311
Iván Villar,297194
Izan González,1060024
Izan Merino,1078436
Iñaki González,1019408
Iñigo Córdoba,251848
Iñigo Eguaras,89731
Iñigo Vicente,335216
Jack Harper,147524
Jacob Carney,552984
Jacobo González,340870
Jacobo Guzmán,766580
Jaime Mata,227961
Jaime Romero,81998
Jaime Seoane,340867
Jaime Sánchez,212863
Jair Amador,128479
Jairo Izquierdo,337946
Jairo Noriega,891931
Jairo Quinteros,623022
Jairo Samperio,171167
Jakes Gorosabel,1171526
James Igbekeme,375849
Jan Encuentra,1165332
Jan Salas,1063574
Jandro Orellana,388548
Jannick Buyla,525891
Jasper Cillessen,146227
Jastin Garcia,1061665
Jaume Costa,65318
Jaume Cuéllar,466808
Jaume Grau,340864
Jaume Jardí,568196
Javi Alonso,634598
Javi Avilés,456938
Javi Castellano,65489
Javi Castro,740253
Javi Díaz,396107
Javi Eraso,156814
Javi Fuego,56134
Javi Galán,448628
Javi Gómez,598162
Javi Hernández,946279
Javi Hernández,422466
Javi Jiménez,251860
Javi Jiménez,242287
Javi Lara,119622
Javi Llabrés,706138
Javi López,705401
Javi Martínez,471474
Javi Martón,711394
Javi Mier,353018
Javi Montero,396333
Javi Moreno,636360
Javi Muñoz,282421
Javi Ontiveros,298983
Javi Pérez,350208
Javi Ribelles,277740
Javi Robles,635332
Javi Ros,89330
Javi Rueda,652331
Javi Serrano,668177
Javi Sánchez,340853
Javi Villar,689639
Javi Vázquez,461866
Javier Belman,422459
Javier Espinosa,128219
Javier Murua,455344
Javier Vicario,634259
Jawad El Yamiq,235412
Jean Jules,607377
Jean-Sylvain Babin,45256
Jefté Betancor,198015
Jeisson Martínez,480953
Jeremy Arévalo,971663
Jeremía Recoba,1116801
Jero Lario,336733
Jerónimo Dómina,1103986
Jesé,134936
Jesús Areso,488626
Jesús Bernal,509483
Jesús Clemente,805479
Jesús Owono,631693
Jesús Ruiz,408288
Jesús Vallejo,251896
Jesús de Miguel,598611
Jesús Álvarez,541920
Jetro Willems,146258
Jhafets Reyes,1182569
Jhegson Méndez,330682
Jimmy Giraudon,213052
Jimmy Suárez,595781
Joan Femenías,455363
Joan Salvá,707575
Joaquín Fernández,221321
Joaquín González,845512
Joaquín Muñoz,396334
Joaquín Panichelli,1064871
Joaquín Zeballos,319429
Joel Jorquera,633114
Joel Roca,895326
Joel Valencia,175451
Joel del Pino,535304
Joey Dagostino,1053490
Jofre Carreras,628498
Johan Mojica,262939
John Guidetti,98596
John Victor,432914
Jokin Ezkieta,379548
Jon Ander Garrido,158704
Jon Ander Serantes,71835
Jon Bautista,289236
Jon Eceizabarrena,1063593
Jon García,156817
Jon Garro,1178819
Jon Gorrotxategi,711374
Jon Guridi,289257
Jon Guruzeta,625064
Jon Karrikaburu,711382
Jon Magunazelaia,625655
Jon Merino,1062967
Jon Morcillo,455349
Jonathan Dubasin,628621
Jonathan Gómez,674501
Jonathan Silva,189453
Jonathan Varane,812902
Jonathan Vieira,579346
Jonathan Viera,153238
Joni Montiel,343273
Jonmi Magunagoitia,606848
Jonny Arriba,585536
Jony,228761
Jony Álamo,786438
Jonás Ramalho,69660
Jordan Lukaku,140804
Jordi Calavera,286849
Jordi Escobar,568155
Jordi Martín,537763
Jordi Mboula,331498
Jordi Sánchez,291693
Jordy Caicedo,360412
Jordán Carrillo,740574
Jorge Aguirre,629385
Jorge Cabello,1063333
Jorge Cuenca,494880
Jorge Delgado,875124
Jorge Martínez,611063
Jorge Meré,286779
Jorge Mier,599327
Jorge Miramón,228917
Jorge Moreno,717957
Jorge Padilla,726030
Jorge Pascual,669511
Jorge Pombo,336747
Jorge Salinas,1262996
Jorge Sáenz,340339
Jorge Yriarte,486834
Jorge de Frutos,455181
Joseba Orbegozo,596247
Joseba Zaldua,197135
Joseda Menargues,589459
Josele Martínez,284880
Joselu,72061
Joselu,81999
Joselu Moreno,143044
Josema,255892
Josep Calavera,408472
Josep Gayá,632495
Josep Señé,161267
Joseph Aidoo,358250
Joshua Pérez,351506
Josu Ozkoidi,89332
Josua Mejías,427683
Josué Dorrio,483453
José Amo,311454
José Antonio Caro,268946
José Antonio Martínez,311287
José Antonio Pardo,129769
José Antonio de la Rosa,1027993
José Aurelio Suárez,223720
José Calderón,630998
José Callejón,61253
José Campaña,120095
José Carlos Lazo,282410
José Copete,520840
José Corpas,379534
José Fontán,609361
José Gragera,557147
José León,281773
José Luis Morales,252677
José Luis Rodríguez,425028
José Manuel Arnáiz,364603
José Mari,225462
José Marsà,563139
José Matos,268957
José Naranjo,272679
José Ríos Reina,81980
José Salinas,819590
José Ángel Carmona,711625
José Ángel Carrillo,308982
José Ángel Jurado,187673
Jota,329812
Jota López,636530
Jovanny Bolívar,648076
Jozabed Sánchez,207924
Jozhua Vertrouwd,765467
João Carvalho,258005
João Costa,198638
Juan Aguilera,75820
Juan Antonio Ros,256018
Juan Artola,626960
Juan Bernat,126719
Juan Berrocal,461843
Juan Camilo Becerra,504506
Juan Carlos Arana,461631
Juan Carlos Gauto,847283
Juan Carlos Real,201861
Juan Cruz,585700
Juan Díaz,1317650
Juan Escobar,353034
Juan Gutiérrez,531121
Juan Hernández,349873
Juan Ibiza,411294
Juan Larios,646738
Juan Manuel Sanabria,446106
Juan María Alcedo,628923
Juan Muñoz,268958
Juan Otero,332305
Juan Peñaloza,491541
Juan Pérez,298613
Juan Pérez,1513781
Juan Rodríguez,275028
Juan Sebastián,708499
Juan Soriano,251892
Juan Villar,85500
Juanda Fuentes,636701
Juande Rivas,465317
Juanfran Moreno,64411
Juanjo Narváez,213595
Juanjo Nieto,327207
Juanlu Sánchez,676042
Juanma García,315312
Juanmi,126737
Juanpa Palomares,635318
Juanto Ortuño,213875
Jude Soonsup-Bell,670857
Juergen Elitim,607057
Julen Jon Guerrero,646825
Julen Lobete,625654
Julien Ponceau,569390
Julio Alonso,521455
Julio Buffarini,89281
Julio Gracia,391346
Julián Chicco,401583
Julián Delmás,509484
June-hyuk Ahn,627279
Justin Smith,904712
Jérémy Blasco,517845
Jérémy Mellot,525113
Jérôme Prior,238720
Jürgen Locadia,166240
Kaiky,743589
Kamil Jóźwiak,289167
Kamil Piątkowski,345449
Karl Hein,493513
Kaxe,510999
Kazunari Kita,915258
Keidi Bare,295622
Keita Baldé,238752
Kelechi Nwakali,383153
Kellyan García,465318
Kenan Kodro,197126
Kenneth Mamah,776579
Kenneth Omeruo,131708
Kento Hashimoto,183436
Kervin Arriaga,526050
Kevin Bua,252080
Kevin Carlos,718201
Kevin Medina,635904
Kevin Presa,379224
Kevin Sánchez,1064139
Kevin Vázquez,221315
Kike García,93936
Kike López,56542
Kike Márquez,101733
Kike Pérez,527698
Kike Salas,766583
Kike Saverio,388519
Kiko Olivas,51667
Kleandro Lleshi,466800
Koba Koindredi,569375
Koldo Obieta,445584
Konrad de la Fuente,466809
Kuki Zalazar,311696
Kwasi Sibo,538006
Kévin Appin,342223
Kévin Rodrigues,206947
Kévin Soni,353959
Lago Júnior,100722
Lalo Aguilar,715679
Lanchi,631098
Lander Astiazaran,1201529
Lander Olaetxea,377795
Landry Dimata,311489
Laorent Shabani,381979
Largie Ramazani,518644
Lars Veldwijk,175912
Lautaro Blanco,831161
Lautaro de León,561745
Lazar Randjelovic,512394
Leandro Chichizola,95736
Leo Román,562742
Leonardo Buta,653415
Leonardo Pisculichi,26744
Leonardo Sequeira,384761
Liberman Torres,819710
Liberto Beltrán,355763
Limones,57948
Lisandro López,125019
Lisandro Magallán,66736
Lluis Tarrés,466788
Lluís López,262391
Loren Morón,354741
Loren Zúñiga,720523
Lorenzo Aguado,709997
Lorenzo Amatucci,707450
Loïc Badiashile,342202
Loïc Williams,707272
Luca Ferrone,380320
Luca Sangalli,289286
Luca Zanimacchia,407265
Luca Zidane,283489
Lucas Alcázar,709998
Lucas Anacker,510388
Lucas Boyé,334222
Lucas Díaz,355534
Lucas Noubi,743379
Lucas Olaza,216240
Lucas Oliveira,592373
Lucas Perrin,352392
Lucas Pires,927768
Lucas Pérez,73185
Lucas Ribeiro,612880
Lucas Robertone,457221
Lucas Román,990202
Lucas Sanseviero,970866
Lucho García,469737
Lucho Vega,741033
Luis Abram,330684
Luis Asué,702911
Luis Chacón,473402
Luis Hernández,62945
Luis López,623525
Luis Milla,281989
Luis Muñoz,355624
Luis Perea,396328
Luis Pérez,358115
Luis Quintero,742864
Luis Ruiz,286020
Luis Suárez,424784
Luis Valcarce,288459
Luisinho,56777
Luismi Cruz,610461
Luismi Redondo,398183
Luismi Sánchez,207922
Luka Gagnidze,724969
Luka Romero,769063
Lukas Julis,147550
Lumor Agbenyenu,344393
Luís Maximiano,367464
Lázaro,574772
Maguette Gueye,933795
Maikel Mesa,197576
Makhtar Gueye,606849
Mamadou Loum,364237
Mamadou Mbacke,898751
Mamadou Sylla,166683
Mamadou Traoré,543390
Manel Martínez,414216
Manel Royo,351216
Manex Gibelalde,1055874
Manex Lozano,1427892
Mangel Prendes,636411
Manolo Reina,29051
Manu Fuster,511021
Manu García,277118
Manu García,76273
Manu García,446289
Manu Garrido,789328
Manu Hernando,396161
Manu Justo,593357
Manu Lama,628464
Manu Molina,160671
Manu Morlanes,335225
Manu Nieto,399357
Manu Rico,718203
Manu Rodríguez,1064469
Manu Sánchez,374142
Manu Trigueros,188854
Manu Vallejo,527350
Marc Aguado,531404
Marc Carbó,487116
Marc Cardona,443222
Marc Domènech,1296876
Marc Doménech,617073
Marc Fernández,176298
Marc Gual,376486
Marc Llinares,740952
Marc Martínez,129374
Marc Mateu,96539
Marc Pedraza,72319
Marc Pubill,844637
Marc Valiente,53301
Marc Vidal,541621
Marc-Olivier Doué,540654
Marcelo Barovero,55142
Marcelo Djaló,142022
Marcelo Expósito,711631
Marcelo Flores,668495
Marcelo Saracchi,373916
Marcelo dos Santos,697818
Marciano Sanca,1013774
Marco Camus,636119
Marco Moreno,534376
Marco Sangalli,197131
Marcos André,481084
Marcos Baselga,531405
Marcos Cuenca,709804
Marcos Fernández,961948
Marcos Leiva,1365852
Marcos Luna,718876
Marcos Mauro,247366
Marcos Navarro,1063331
Marcos Paulo,612496
Marcos Peña,1064121
Marcos Sánchez,668211
Mariano Carmona,827984
Marino Illescas,556059
Mario Barco,248021
Mario Cantero,1114719
Mario Climent,720526
Mario García,889459
Mario Gaspar,73250
Mario González,255995
Mario Hernández,608531
Mario Maroto,710484
Mario Soberón,522110
Mario Soriano,568148
Mario da Costa,635943
Markel Lozano,386668
Marko Dmitrovic,94308
Marko Milovanović,845568
Marko Perovic,944583
Marko Scepovic,99977
Marlos Moreno,345654
Martin Hongla,398808
Martí Riverola,143863
Martín Aguirregabiria,483573
Martín Bellotti,661135
Martín Calderón,278404
Martín Cáceres,54935
Martín Fernández,670341
Martín Merquelanz,289272
Martín Pascual,638588
Marvel,935229
Marvin Park,603940
Masca,606720
Mateo Mejía,682588
Mateusz Bogusz,431475
Matheus Aiás,369706
Matheus Pereira,323934
Mathieu Peybernes,111026
Mathis Lachuer,860669
Matia Barzic,1060456
Matija Nastasić,143559
Mats Seuntjens,187809
Matt Miazga,245893
Matías Arezo,611426
Matías Barboza,720517
Matías Dituro,144128
Matías Nahuel,263843
Matías Rosales,576000
Mawuli Mensah,972730
Max Svensson,705808
Maxi Gómez,396894
Maxime Gonalons,60542
Maximiliano Villa,521234
Michael Agbekpornu,722365
Mickaël Malsa,205569
Miguel Atienza,480955
Miguel Azeez,547533
Miguel Baeza,523977
Miguel Cifuentes,175836
Miguel Leal,527964
Miguel Llambrich,399775
Miguel Loureiro,400104
Miguel Marí,398738
Miguel Núñez,107939
Miguel Puche,632901
Miguel Rubio,583510
Miguel San Román,396337
Miguel de la Fuente,480883
Miguel Ángel Brau,713649
Miguel Ángel Guerrero,137704
Miguel Ángel Morro,607780
Mika Mármol,617060
Mikel Agu,148489
Mikel Balenziaga,85258
Mikel Goiria,626911
Mikel Goti,709215
Mikel Pradera,512075
Mikel Rico,51474
Mikel San José,52469
Mikel Zarrabeitia,222012
Miki Villar,382970
Milos Jojic,160285
Milos Lukovic,845872
Min-su Kim,1108203
Miquel Parera,242301
Mo Dauda,360711
Moctar El Hacen,321629
Moha Moukhliss,495622
Mohamed Benkhemassa,262220
Mohamed Bouldini,211628
Mohamed Diamé,70950
Mohamed Djetei,426943
Mohamed Ezzarfani,449844
Mohamed Jaouab,844299
Moi Delgado,260230
Momo Mbaye,490421
Monchu,282727
Mossa,96094
Mourad El Ghezouani,527972
Moussa Diakité,979235
Moussa Diarra,923080
Moussa Sidibé,676922
Mumo Muñoz,282422
Munir El Haddadi,223725
Mustapha Bundu,457728
Myrto Uzuni,315289
Míchel Herrero,65331
Míchel Zabaco,126872
Nabil Touaizi,487180
Nacho Gil,336731
Nacho Martín,719722
Nacho Martínez,127554
Nacho Monsalve,281990
Nacho Méndez,503837
Nacho Quintana,536826
Nacho Ramón,656345
Nacho Sánchez,391047
Nacho Vidal,216870
Nahuel Tenaglia,533568
Naim García,715683
Naldo,148666
Nano Mesa,305956
Naïs Djouahra,594926
Neco Celorio,961902
Neftali Manzambi,211453
Nemanja Radoja,168959
Nemanja Tosic,440737
Neskes,713638
Neyder Lozano,468700
Nick Markanich,972764
Nico Melamed,570421
Nico Serrano,668183
Nico Toca,720021
Nicolas Gorosito,125281
Nicolas Jackson,776890
Nicolás Benedetti,382836
Nicolás Castro,565899
Nicolás Olmedo,1129598
Nikita Iosifov,614464
Niko Datkovic,178056
Nikola Cumic,368982
Nikola Maras,258475
Nikola Milicic,854804
Nikola Sipcic,311146
Nikola Vukcevic,151470
Nikolaos Michelis,584452
Nikolay Obolskiy,281914
Njegos Petrovic,376588
Noah Ohio,557410
Nolito,70934
Nono,152776
Nuke Mfulu,203516
Nuno Pina,538633
Nélson Monte,332615
Odei Onaindia,167113
Oier Garai,634251
Oier Luengo,447823
Oier Olazábal,8176
Oli McBurnie,298477
Omar El Amrani,716682
Omar Mascarell,142031
Orest Lebedenko,524964
Oriol Rey,293388
Orlando Sá,64535
Oscar Carrasco,710180
Oscar Naasei,1185057
Otar Kakabadze,214250
Ousmane Camara,827950
Pablo Bobadilla,430227
Pablo Brea,540475
Pablo Campos,617059
Pablo Clavería,348553
Pablo Galdames,313830
Pablo García,870093
Pablo García,636300
Pablo Hernández,1006927
Pablo Hervías,142027
Pablo Insua,171362
Pablo Larrea,373353
Pablo López,1000630
Pablo Maffeo,251876
Pablo Martínez,568835
Pablo Martínez,282900
Pablo Moreno,466811
Pablo Muñoz,1045767
Pablo Pérez,711628
Pablo Pérez,238717
Pablo Ramón,629511
Pablo Rodríguez,537765
Pablo Santiago,634110
Pablo Sáenz,821820
Pablo Tomeo,892685
Pablo Torre,720038
Pablo Trigueros,248337
Pablo Valcarce,365313
Pablo Vázquez,446516
Pablo de Blasis,75446
Paco Cortés,1232057
Paco Puertas,618217
Pajarero,310720
Paolo Gozzi,487333
Pape Cheikh,336828
Pape Diop,39907
Pape Maly Diamanka,176610
Paris Adot,247583
Pathé Ciss,525578
Patrick Sequeira,378482
Patrick Soko,524197
Pau Casadesús,961936
Pau Navarro,1061336
Pau Resta,627717
Pau Sans,1061123
Paul Akouokou,429901
Paul Anton,123286
Paulino de la Fuente,261502
Paulo Oliveira,139336
Paulo Vítor,524572
Pedro Alcalá,51663
Pedro Alemañ,699771
Pedro Benito,835794
Pedro Bigas,203043
Pedro Capó,131357
Pedro Díaz,363057
Pedro León,51587
Pedro López,365311
Pedro López,25412
Pedro Mosquera,44069
Pedro Ortiz,610238
Peio Canales,1056966
Pejiño,534379
Pelayo Fernández,692208
Pelayo Suárez,311665
Pep Caballé,327651
Pep Chavarría,596122
Pepe Sánchez,500191
Pepelu,328480
Pepín Machín,355104
Peque Fernández,639733
Pere Milla,225593
Pere Pons,242497
Peru Nolaskoain,447052
Peru Rodríguez,711381
Peter Federico,710004
Peter Pokorný,490595
Pichu Atienza,59337
Pierre Cornud,536156
Piotr Parzyszek,155202
Pipa,423166
Pipo,577876
Piña,277500
Plamen Andreev,859218
Pol Freixanet,200612
Pol García,178217
Pol Lirola,298975
Pol Lozano,412045
Pol Moreno,274540
Pol Valentín,380737
Pêpê,258018
Quentin Braat,390942
Quentin Lecoeuche,332142
Quique Fornos,291039
Quique González,79352
Rachad Fettal,891310
Radosav Petrovic,75296
Rafa Gálvez,288454
Rafa Mir,361254
Rafa Mujica,361504
Rafa Núñez,589456
Rafa Obrador,646747
Rafa Rodríguez,1057394
Rafa Soares,198006
Rafa Tresaco,632904
Rafel Bauzà,1178721
Rafita Garrido,1064717
Rahim Alhassane,929899
Rai Marchán,234866
Ramiro Guerra,222571
Ramon,663578
Ramon Azeez,131667
Ramón Bueno,199323
Ramón Folch,286841
Ramón Juan,531491
Ramón Martínez,882710
Ramón Vila,624905
Randy Nteka,560483
Raúl Alcaina,611172
Raúl Asencio,340260
Raúl Blanco,636096
Raúl Carnero,139434
Raúl Fernández,54217
Raúl García,631002
Raúl Guti,330352
Raúl Lizoain,167228
Raúl Moro,624942
Raúl Navarro,268959
Raúl Navas,142419
Raúl Parra,784719
Raúl Pereira,1064413
Raúl Sánchez,536619
Raúl Torrente,631222
Recio,150948
Reinier,627226
Reko,290262
Renato Tapia,277137
Ricard Pujol,412542
Ricard Sánchez,388545
Ricardo Grigore,436078
Ricardo Schutte,600836
Riccardo Capellini,406842
Richard Boateng,198400
Riki Rodríguez,596899
Riza Durmisi,135208
Ro Abajas,949116
Rober Correa,223890
Rober González,505675
Rober Ibáñez,242532
Robert Navarro,563137
Roberto Alarcón,166661
Roberto Canella,57785
Roberto Corral,379714
Roberto Fernández,720518
Roberto López,569866
Roberto Olabe,242299
Roberto Rosales,49500
Roberto Santamaría,35541
Roberto Soldado,34870
Rodri Alonso,668178
Rodri Ríos,117549
Rodri Tarín,203617
Rodrigo Ely,176140
Rodrigo Mendoza,961297
Rodrigo Riquelme,461617
Roger Brugué,557057
Roger Hinojo,1204959
Roger Martí,212391
Roger Riera,199371
Roko Baturina,371008
Romain Matthys,538073
Roman Zozulya,70767
Romario Ibarra,263605
Rominigue Kouamé,277635
Ronald Gbizie,610572
Ronaldo,146660
Ronaël Pierre-Gabriel,410185
Roque Mesa,202984
Ruben Correia,365103
Rubén Alcaraz,247250
Rubén Alves,379743
Rubén Castro,25316
Rubén Díez,311266
Rubén Enri,478416
Rubén Gómez,709336
Rubén Lobato,379220
Rubén López,941115
Rubén Martínez,65262
Rubén Pardo,99352
Rubén Peña,238868
Rubén Pulido,603969
Rubén Pérez,113045
Rubén Quintanilla,1056655
Rubén Sobrino,85383
Rubén Sánchez,705813
Rubén Yáñez,246335
Ryan Leak,344008
Róber Pier,387129
Rúben Vezo,257851
Sabin Merino,192736
Sabit Abdulai,648812
Saidy Janko,196435
Salim El Jebari,935457
Salva Sevilla,58799
Salvi Carrasco,635929
Salvi Sánchez,246204
Samed Bazdar,710969
Samu Casado,388888
Samu Vázquez,706175
Samuel Mráz,243225
Samuel Ntamack,796892
Samuel Obeng,522719
Samuel Shashoua,387313
Samuel Sosa,428210
Samuele Mulattieri,457422
Samú Costa,657430
Sandro Ramírez,199369
Sang-hyuk Lee,646071
Santi Cazorla,15799
Santi Samanes,380277
Santiago Arias,120443
Santiago Arzamendia,520947
Santiago Colombatto,395122
Santiago Homenchenko,895679
Santiago Mouriño,953901
Saúl Berjón,74954
Saúl Coco,588426
Saúl Crespo,387557
Saúl García,249471
Saúl del Cerro,884158
Scott McKenna,255906
Sebas Moyano,292617
Sebastian Kosa,582429
Sebastián Cristóforo,188157
Sebastián Figueredo,982540
Sekou Gassama,337070
Selim Amallah,377219
Selu Diallo,1054931
Selvi Clua,1061660
Seo Ram Lee,1128170
Sergi Canós,251845
Sergi Cardona,678406
Sergi Darder,142021
Sergi Enrich,81988
Sergi García,598608
Sergi Guardiola,256429
Sergi Maestre,127838
Sergi Palencia,268176
Sergi Puig,293387
Sergi Samper,181112
Sergi Serrano,617054
Sergio Aguza,246244
Sergio Akieme,355627
Sergio Araujo,110366
Sergio Arribas,722351
Sergio Asenjo,51710
Sergio Barcia,562058
Sergio Bermejo,372051
Sergio Camello,505674
Sergio Carreira,545647
Sergio Castel,311264
Sergio Cirio,52078
Sergio Cubero,684253
Sergio Escudero,93935
Sergio González,435500
Sergio González,308989
Sergio Guerrero,606570
Sergio Gómez,366930
Sergio León,145769
Sergio Lozano,341277
Sergio Marcos,126875
Sergio Martínez,1393961
Sergio Moreno,607779
Sergio Moyita,361878
Sergio Navarro,715690
Sergio Ortuño,531476
Sergio Postigo,158791
Sergio Rodelas,1064103
Sergio Ruiz,394694
Sergio Santos,537759
Sergio Tejera,38817
Serpeta,635333
Seydouba Cissé,543537
Shaq Moore,336168
Shinji Okazaki,79642
Shkodran Mustafi,88590
Shon Weissman,247652
Sidnei,27374
Simo Bouzaidi,537375
Simo Keddari,945496
Simon Eriksson,1088712
Simone Grippo,41767
Simón Moreno,355630
Sinan Bakış,134631
Siren Diao,984708
Sixtus Ogbuehi,1230201
Slavy,622991
Sofiane El Ftouhi,825670
Son,349856
Sory Kaba,355689
Soufiane Chakla,236956
Souleymane Faye,666971
Srdjan Babic,222805
Stanko Juric,388125
Stavros Akriviadis,1274005
Stefan Bajcetic,864799
Stefan Dzodic,854097
Stefan Lekovic,797572
Stefan Scepovic,71273
Stefan Simic,198613
Stipe Biuk,587520
Stoichkov,271021
Stéphane Mbia,27470
Suleiman Camara,707568
Suso,111961
Suso Santana,51522
Sydney Osazuwa,1214320
Tachi,354697
Taichi Hara,495752
Taisei Miyashiro,405395
Takashi Inui,98249
Tamás Nikitscher,633056
Taufek Bayoud,944324
Tete Morente,339816
Teto Martín,963613
Thalys,1072157
Theo Corbeanu,568535
Thiago Helguera,997827
Thiago Ojeda,1030425
Thomas Carrique,540676
Thomas Rodríguez,402581
Thomas van den Belt,412941
Théo Le Normand,796885
Théo Lucbert,683809
Théo Zidane,337917
Tiago Geralnik,668505
Tincho Conde,933350
Tomeu Nadal,88397
Tommaso De Nipoti,622031
Tomás Alarcón,454238
Tomás Bourdal,715760
Tomás Cardona,422700
Tomás Mejías,62947
Tomás Pina,139895
Tomás Reymão,464307
Tomás Ribeiro,433358
Tomáš Vaclík,64000
Toni Abad,595357
Toni Datkovic,227015
Toni Fuidias,623526
Toni Herrero,611495
Toni Moya,295065
Toni Tamarit,1344793
Toni Villa,337066
Tonny Vilhena,182581
Toño García,125931
Trilli,668272
Tunde Akinsola,924447
Txus Alba,627218
Unai Buján,634543
Unai Bustinza,156808
Unai Egiluz,834485
Unai Elgezabal,255495
Unai Medina,104234
Unai Rementeria,684607
Unai Ropero,718029
Unai Ruiz,562617
Unai Uberuaga,634248
Unai Veiga,583546
Unai Vencedor,610083
Unax Ayo,1354770
Unax del Cura,962144
Uri Busquets,282721
Urko Izeta,610622
Uros Djurdjevic,190804
Uros Milovanović,586877
Usher Lobede,1061120
Vadik Murria,627283
Valentin Rosier,441170
Valentín Pezzolesi,1271065
Valentín Vada,225004
Valery Fernández,331496
Vasyl Kravets,245048
Vegard Erlien,333016
Vicente Iborra,65467
Victor Aznar,706797
Victor Corral,979855
Victor Parada,591957
Victor Sánchez,979787
Victor Valverde,707608
Vini Souza,663581
Vinícius Tanque,346770
Viti Rozada,438971
Vitolo,67082
Víctor Camarasa,263856
Víctor Campuzano,394285
Víctor Chust,495625
Víctor Díaz,58330
Víctor García,590690
Víctor Gómez,495601
Víctor López,510971
Víctor Meseguer,658269
Víctor Mollejo,505673
Víctor Moreno,895335
Víctor Ruiz,199375
Víctor Ruiz,62920
Víctor San Bartolomé,455348
Víctor Sánchez,63290
Waldo Rubio,404688
Warren Tchimbembé,591914
Wesley Moraes,381362
Wilfrid Kaptoum,256120
William de Camargo,583607
Williams Alarcón,599552
Willy Agada,564388
Willy Chatiliez,1261327
Xabi Etxeita,71559
Xavi Estacio,548110
Xavi Grande,947115
Xavi Moreno,709971
Xavi Quintillà,204102
Xavi Sintes,569876
Xeber Alkain,572271
Ximo Navarro,184767
Yac Diori,461511
Yacine Qasmi,93747
Yacouba Coulibaly,473251
Yago Paredes,991538
Yago Santiago,706947
Yaimil Medina,428769
Yan Couto,627228
Yan Diomande,1390649
Yan Eteki,297784
Yanis Rahmani,255506
Yanis Senhadji,1165333
Yann Bodiger,290533
Yann Kembo,620163
Yayo González,942988
Yeray Cabanzón,848514
Yoel Bárcenas,283473
Yoel Rodríguez,58115
Yoshinori Muto,230541
Youba Diarra,564451
Youness Lachhab,613040
Yussi Diarra,524008
Yussif Saidu,1209286
Yvan Neyou,469669
Zakaria Eddahchouri,519651
Ziga Frelih,383774
Zourdine Thior,563335
Zé Carlos,617679
Zé Ricardo,519748
Àlex Carbonell,262389
Àlex Corredera,268167
Álex Alegría,178187
Álex Balboa,634460
Álex Barbu,716150
Álex Bermejo,473695
Álex Blesa,611198
Álex Calatrava,633111
Álex Calvo,1064699
Álex Cantero,638235
Álex Cardero,719737
Álex Collado,282722
Álex Domínguez,524937
Álex Forés,709380
Álex Gallar,210143
Álex Lizancos,1137322
Álex López,313113
Álex López,127457
Álex Martín,345083
Álex Martínez,186891
Álex Masogo,536827
Álex Millán,412041
Álex Mula,242295
Álex Muñoz,243760
Álex Pastor,398056
Álex Petxarroman,527838
Álex Pozo,341272
Álex Pérez,167830
Álex Rubio,1151630
Álex Sala,582664
Álex Sancris,560705
Álex Sola,434990
Álex Valle,709957
Álvaro Aceves,710474
Álvaro Aguado,449496
Álvaro Bravo,284872
Álvaro Bustos,199324
Álvaro Carrillo,652330
Álvaro Ferllo,453704
Álvaro García,495600
Álvaro García,783419
Álvaro García Pascual,1305792
Álvaro Giménez,57935
Álvaro Jiménez,282406
Álvaro Juan,808648
Álvaro Leiva,875306
Álvaro Lemos,230222
Álvaro Martín,622952
Álvaro Martínez,718577
Álvaro Negredo,18644
Álvaro Núñez,626953
Álvaro Peña,156887
Álvaro Ratón,248551
Álvaro Rodríguez,560107
Álvaro Romero,437893
Álvaro Sanz,466806
Álvaro Tejero,290273
Álvaro Vadillo,162074
Álvaro Vázquez,141835
Álvaro Yuste,536849
Ángel Algobia,638589
Ángel Baena,578878
Ángel López,708531
Ángel Montoro,59551
Ángel Pérez,1124136
Ángel Recio,897521
Ángel Rodado,440332
Ángel Rodríguez,51510
Ángel Sánchez,455254
Ángel Troncho,710656
Áron Yaakobishvili,938145
Èric Montes,293383
Óscar Arribas,476104
Óscar Clemente,396340
Óscar Cortés,975689
Óscar Duarte,175323
Óscar Gil,199341
Óscar López,520391
Óscar Melendo,448344
Óscar Pinchi,413502
Óscar Plano,221309
Óscar Rivas,890557
Óscar Rodríguez,284884
Óscar Sielva,67550
Óscar Ureña,921734
Óscar Whalley,260662
Úmaro Embaló,409886
